Number,roi,sub-01,sub-02,sub-03,sub-05
1,Visual Network,0.13951597,0.15372048,0.15574197,0.14541595
2,Visual Network,0.31329343,0.17502986,0.3120172,0.23866723
3,Visual Network,0.34218118,0.19269764,0.3362037,0.25168288
4,Visual Network,0.4412523,0.2777344,0.40439945,0.26649204
5,Visual Network,0.33059976,0.26185283,0.47071335,0.29742727
6,Visual Network,0.42960715,0.31765026,0.37884784,0.23881051
7,Visual Network,0.3711332,0.2189425,0.37989318,0.19553557
8,Visual Network,0.41139445,0.40092328,0.47197053,0.42899153
9,Visual Network,0.41728824,0.26871228,0.2528458,0.26963937
10,Visual Network,0.43249273,0.39957023,0.42017183,0.39947963
11,Visual Network,0.4424946,0.34275553,0.38989222,0.39030725
12,Visual Network,0.35104308,0.30211392,0.30650648,0.25973696
13,Visual Network,0.35749456,0.35540834,0.3724251,0.38333327
14,Visual Network,0.28882334,0.39747316,0.39277893,0.3339597
15,Visual Network,0.23960795,0.20566908,0.23179719,0.20100035
16,Visual Network,0.31724852,0.3130795,0.31029436,0.2364129
17,Visual Network,0.41086856,0.39827016,0.43380424,0.34577343
18,Visual Network,0.11172083,0.21132308,0.22389962,0.10603513
19,Visual Network,0.17645451,0.2561382,0.27358824,0.12862347
20,Visual Network,0.2075058,0.15498099,0.2923425,0.131171
21,Visual Network,0.29420093,0.45969102,0.4251937,0.38246265
22,Visual Network,0.2243964,0.10511232,0.20421329,0.23067251
23,Visual Network,0.3540728,0.33337867,0.39657044,0.27125096
24,Visual Network,0.36401296,0.33495483,0.37615672,0.23024386
25,Visual Network,0.22510026,0.23487891,0.3088318,0.14610468
26,Visual Network,0.2575131,0.31196076,0.30656388,0.17919019
27,Visual Network,0.382977,0.35521996,0.28490776,0.29236677
28,Visual Network,0.30148166,0.30145136,0.31509525,0.13320935
29,Visual Network,0.4225089,0.36659217,0.488676,0.30645728
30,Visual Network,0.33945006,0.31487212,0.3032689,0.2660821
31,Visual Network,0.24447718,0.09514994,0.2424872,0.16196863
32,Visual Network,0.15707268,0.16813207,0.31374684,0.17049356
33,Visual Network,0.37593988,0.29096913,0.29251844,0.26703843
34,Visual Network,0.478057,0.32724562,0.36518866,0.33000848
35,Visual Network,0.3201838,0.3068085,0.35563064,0.28668752
36,Visual Network,0.41948435,0.49102023,0.5397612,0.39615536
37,Visual Network,0.24854206,0.16752455,0.28543618,0.16756603
38,Visual Network,0.2951372,0.21395005,0.31195846,0.15789184
39,Visual Network,0.44052216,0.37132925,0.3661934,0.35795534
40,Visual Network,0.33060786,0.2921204,0.23190646,0.26421985
41,Visual Network,0.21302,0.14522298,0.26394048,0.15239108
42,Visual Network,0.51987463,0.5136253,0.50619614,0.36283436
43,Visual Network,0.31860742,0.37305772,0.41895822,0.31846347
44,Visual Network,0.36176604,0.33014777,0.2542638,0.21968317
45,Visual Network,0.49592155,0.3409513,0.45151886,0.23283212
46,Visual Network,0.2502017,0.17711172,0.27157632,0.075918734
47,Visual Network,0.30331492,0.272972,0.26543754,0.19682437
48,Visual Network,0.18546188,0.18648024,0.29137456,0.13094282
49,Visual Network,0.45863205,0.3869896,0.3518726,0.33566454
50,Visual Network,0.23326774,0.12603083,0.26838213,0.0772072
51,Visual Network,0.3122933,0.29346997,0.27956173,0.24435364
52,Visual Network,0.31983632,0.43124792,0.3210106,0.32499424
53,Visual Network,0.448933,0.4495692,0.4506231,0.3632426
54,Visual Network,0.4623134,0.48147362,0.34946832,0.34840357
55,Visual Network,0.17300856,0.18829577,0.32860646,0.21192048
56,Visual Network,0.26980817,0.24122979,0.3163682,0.22011912
57,Visual Network,0.24383804,0.2000265,0.24529564,0.2042114
58,Visual Network,0.4638113,0.4517604,0.40261745,0.3475395
59,Visual Network,0.36749527,0.35535905,0.41082877,0.29778117
60,Visual Network,0.34524274,0.28151062,0.23497032,0.20033757
61,Visual Network,0.48674506,0.42850813,0.44054353,0.32051334
62,Visual Network,0.38449723,0.43202466,0.30030385,0.21241222
63,Visual Network,0.26176724,0.20531605,0.3592392,0.30531326
64,Visual Network,0.41839865,0.50451994,0.3900218,0.44423482
65,Visual Network,0.43582654,0.48360583,0.39702818,0.38394123
66,Visual Network,0.20152512,0.17452504,0.24576785,0.13738473
67,Visual Network,0.29883194,0.3028883,0.2523603,0.18619154
68,Visual Network,0.35229728,0.4059394,0.33571437,0.17569436
69,Visual Network,0.2223164,0.23753422,0.25960812,0.2681643
70,Visual Network,0.44828197,0.5280483,0.4119553,0.36523047
71,Visual Network,0.22348724,0.32922608,0.24631971,0.2004898
72,Visual Network,0.3817244,0.47533268,0.41335335,0.38071167
73,Visual Network,0.41958764,0.36555755,0.212255,0.2098046
74,Visual Network,0.46804494,0.4392933,0.5149702,0.30106547
75,Visual Network,0.3055385,0.30861336,0.20409691,0.24692428
76,Visual Network,0.40703276,0.43845248,0.34098968,0.2995522
77,Visual Network,0.43665957,0.44168928,0.45973223,0.31960648
78,Visual Network,0.28804725,0.49840453,0.16844857,0.280129
79,Visual Network,0.4702152,0.49084124,0.32763088,0.25938973
80,Visual Network,0.46963894,0.41505447,0.47330728,0.3159643
81,Visual Network,0.34069106,0.39485326,0.2673755,0.30284262
82,Somatomotor Network,0.32159927,0.16954301,0.41771582,0.17001009
83,Somatomotor Network,0.40767047,0.41832674,0.5300429,0.35763276
84,Somatomotor Network,0.5156515,0.47974086,0.39577788,0.41118065
85,Somatomotor Network,0.5080884,0.4400543,0.5311279,0.37141725
86,Somatomotor Network,0.3791648,0.3700685,0.50793797,0.31833243
87,Somatomotor Network,0.19280931,0.20122388,0.3416716,0.1807977
88,Somatomotor Network,0.51017696,0.40297195,0.55027026,0.46294037
89,Somatomotor Network,0.49631533,0.28194767,0.48037085,0.398625
90,Somatomotor Network,0.43392226,0.28431207,0.37457347,0.35594305
91,Somatomotor Network,0.23518878,0.1665812,0.42715174,0.21388887
92,Somatomotor Network,0.1658734,0.08604676,0.20991732,0.11018312
93,Somatomotor Network,0.12739839,0.07750565,0.09186451,0.074093334
94,Somatomotor Network,0.47182783,0.27340916,0.3622546,0.4404154
95,Somatomotor Network,0.3471137,0.23580055,0.41084087,0.27136657
96,Somatomotor Network,0.1911545,0.2052562,0.28007907,0.15098651
97,Somatomotor Network,0.15737331,0.026509304,0.111802556,0.06344397
98,Somatomotor Network,0.16224909,0.08693939,0.07079435,0.078156464
99,Somatomotor Network,0.16036701,0.2976414,0.21051152,0.19235446
100,Somatomotor Network,0.42238018,0.17255202,0.3531063,0.23682442
101,Somatomotor Network,0.2597795,0.3428358,0.3112512,0.113192804
102,Somatomotor Network,0.17815283,0.08188138,0.2242733,0.08147711
103,Somatomotor Network,0.13808717,0.13917388,0.13716812,0.15905209
104,Somatomotor Network,0.33577728,0.22486117,0.21327062,0.34373087
105,Somatomotor Network,0.17185166,0.08676887,0.13145661,0.07236724
106,Somatomotor Network,0.27947685,0.17303187,0.31221676,0.20441549
107,Somatomotor Network,0.2742043,0.17827375,0.21942863,0.12106856
108,Somatomotor Network,0.17792235,0.2858851,0.095121406,0.13006826
109,Somatomotor Network,0.15779985,0.0959394,0.17990294,0.06557676
110,Somatomotor Network,0.17447741,0.13498543,0.09820653,0.02157896
111,Somatomotor Network,0.13618845,0.12624483,0.23473185,0.14548032
112,Somatomotor Network,0.22966859,0.10547795,0.20642996,0.07293877
113,Somatomotor Network,0.18179598,0.15901895,0.07854416,0.049612388
114,Somatomotor Network,0.15511379,0.1971146,0.13903312,0.053597502
115,Somatomotor Network,0.15986809,0.08047705,0.08995339,0.07826462
116,Somatomotor Network,0.22678436,0.108436145,0.13195486,0.09410612
117,Somatomotor Network,0.17195567,0.100215785,0.07354793,0.051610067
118,Somatomotor Network,0.10023763,0.07506941,0.0679178,0.07637571
119,Somatomotor Network,0.1831335,0.13449845,0.098301865,0.25556448
120,Somatomotor Network,0.20575906,0.14934237,0.11349343,0.030279107
121,Somatomotor Network,0.2310869,0.12366936,0.097819954,0.099453114
122,Somatomotor Network,0.20018364,0.114365876,0.075444266,0.061667852
123,Somatomotor Network,0.08302356,0.046760283,0.093608536,0.052941114
124,Somatomotor Network,0.2303229,0.39782208,0.33276275,0.3959098
125,Somatomotor Network,0.058220677,0.1333361,0.12481317,0.04512623
126,Somatomotor Network,0.15347712,0.18334948,0.09916938,0.051368807
127,Somatomotor Network,0.16421138,0.11134182,0.059778817,0.099559516
128,Somatomotor Network,0.09382256,0.054893903,0.10096028,0.043749414
129,Somatomotor Network,0.061276726,0.100949384,0.10062506,0.03128919
130,Somatomotor Network,0.21186888,0.12975004,0.10832264,0.06896543
131,Somatomotor Network,0.10269818,0.12193828,0.11779229,0.05855199
132,Somatomotor Network,0.11524071,0.087211825,0.10550756,0.069588624
133,Somatomotor Network,0.12768453,0.086780466,0.10455767,0.11024697
134,Somatomotor Network,0.35362372,0.24277985,0.28340852,0.144682
135,Somatomotor Network,0.11713432,0.058580555,0.07502613,0.03748718
136,Somatomotor Network,0.16396715,0.1198206,0.1141013,0.094312586
137,Somatomotor Network,0.073274985,0.11864866,0.13457443,0.065966204
138,Somatomotor Network,0.063434735,0.15343547,0.092280634,0.042011876
139,Somatomotor Network,0.13917391,0.087458976,0.099017344,0.049695224
140,Somatomotor Network,0.31460136,0.32190818,0.25523454,0.105688006
141,Somatomotor Network,0.17521374,0.09443723,0.11377689,0.057003483
142,Somatomotor Network,0.24442643,0.13435674,0.16835997,0.060990676
143,Somatomotor Network,0.06570572,0.08954482,0.071724996,0.016628271
144,Somatomotor Network,0.3281032,0.11075166,0.13485819,0.102166235
145,Somatomotor Network,0.17604105,0.14167075,0.12671576,0.07514714
146,Somatomotor Network,0.1582896,0.099963754,0.07648969,0.058670543
147,Somatomotor Network,0.23901802,0.14748575,0.16104722,0.08279834
148,Somatomotor Network,0.13875763,0.095333934,0.13155958,0.043053877
149,Somatomotor Network,0.10026337,0.12960084,0.07757636,0.0582767
150,Somatomotor Network,0.2266082,0.038676415,0.0776343,0.05599649
151,Somatomotor Network,0.24888833,0.080795124,0.19576561,0.08762658
152,Somatomotor Network,0.24961126,0.07249082,0.09453728,0.07335697
153,Somatomotor Network,0.20447147,0.13347575,0.07403596,0.056055445
154,Somatomotor Network,0.11495376,0.12693651,0.07320842,0.03343498
155,Somatomotor Network,0.20117274,0.113591,0.11858337,0.08884616
156,Somatomotor Network,0.1835122,0.07655563,0.0688119,0.09335651
157,Somatomotor Network,0.108414836,0.12513554,0.061128154,0.009318437
158,Somatomotor Network,0.14217792,0.12232699,0.0848982,0.05543733
159,Somatomotor Network,0.04833206,0.06649167,0.046855472,0.009766141
160,Somatomotor Network,0.2889328,0.07981244,0.205494,0.11842184
161,Somatomotor Network,0.18757117,0.09186131,0.10037963,0.036661614
162,Somatomotor Network,0.160573,0.099414,0.08457175,0.043244153
163,Somatomotor Network,0.22309135,0.18422343,0.109706335,0.039563097
164,Somatomotor Network,0.2530389,0.07193384,0.10737807,0.067258224
165,Somatomotor Network,0.24437875,0.13462983,0.1442103,0.053465687
166,Somatomotor Network,0.16863024,0.05968934,0.10019647,0.048995156
167,Somatomotor Network,0.12994532,0.052809987,0.054158475,0.036292356
168,Somatomotor Network,0.09352821,0.08482909,0.06853209,0.060376685
169,Somatomotor Network,0.16350375,0.05147416,0.13133992,0.010194952
170,Somatomotor Network,0.10760969,0.120918766,0.10914019,0.027812378
171,Somatomotor Network,0.1506315,0.08051894,0.07470032,0.026162226
172,Somatomotor Network,0.14249381,0.06419306,0.111060776,0.01968532
173,Dorsal Attention Network,0.21313316,0.23693001,0.27706015,0.19890763
174,Dorsal Attention Network,0.2681158,0.22789165,0.27089927,0.17727718
175,Dorsal Attention Network,0.29176238,0.27899516,0.4695589,0.21435331
176,Dorsal Attention Network,0.25565892,0.24983959,0.26902577,0.23081966
177,Dorsal Attention Network,0.22339398,0.29340026,0.23613732,0.23121226
178,Dorsal Attention Network,0.23035733,0.3435415,0.38382873,0.24330358
179,Dorsal Attention Network,0.18759881,0.3500439,0.41525,0.3337203
180,Dorsal Attention Network,0.3086366,0.394963,0.4806429,0.36353242
181,Dorsal Attention Network,0.36493406,0.2715141,0.41384286,0.33736888
182,Dorsal Attention Network,0.3461542,0.32427397,0.4135983,0.34504074
183,Dorsal Attention Network,0.42472365,0.43449757,0.45255125,0.446695
184,Dorsal Attention Network,0.32796183,0.26284778,0.36934534,0.27852392
185,Dorsal Attention Network,0.31835863,0.36084402,0.3792689,0.27366653
186,Dorsal Attention Network,0.49514055,0.23843637,0.5312807,0.12774415
187,Dorsal Attention Network,0.29752037,0.29369307,0.38420737,0.22664571
188,Dorsal Attention Network,0.37413418,0.25565442,0.47053826,0.17677213
189,Dorsal Attention Network,0.3192426,0.21651891,0.36119345,0.2840303
190,Dorsal Attention Network,0.2950951,0.19961019,0.28096372,0.3488022
191,Dorsal Attention Network,0.21378924,0.18354814,0.17410418,0.049789835
192,Dorsal Attention Network,0.42870355,0.21290945,0.32918718,0.3165351
193,Dorsal Attention Network,0.27034423,0.20541729,0.21280447,0.29787868
194,Dorsal Attention Network,0.17510833,0.22023965,0.1998613,0.14179085
195,Dorsal Attention Network,0.22713879,0.16796516,0.19957352,0.058726497
196,Dorsal Attention Network,0.11998996,0.15645237,0.20481665,0.13085024
197,Dorsal Attention Network,0.16475031,0.12478956,0.17608249,0.07293533
198,Dorsal Attention Network,0.2277782,0.26764342,0.36718675,0.11587976
199,Dorsal Attention Network,0.30072606,0.3945537,0.39671236,0.22985303
200,Dorsal Attention Network,0.20662831,0.19390807,0.1415087,0.100129366
201,Dorsal Attention Network,0.30562663,0.26337752,0.3898542,0.20263189
202,Dorsal Attention Network,0.24623425,0.073059924,0.20555648,0.08983264
203,Dorsal Attention Network,0.15900125,0.20100692,0.15143129,0.20665723
204,Dorsal Attention Network,0.15505388,0.17569752,0.1331978,0.16093905
205,Dorsal Attention Network,0.23320311,0.1736486,0.11107975,0.28245792
206,Dorsal Attention Network,0.18321484,0.32855478,0.2615387,0.18835644
207,Dorsal Attention Network,0.20954484,0.13211755,0.09773081,0.058173724
208,Dorsal Attention Network,0.1571126,0.30621666,0.35294342,0.2688417
209,Dorsal Attention Network,0.2794533,0.19463539,0.1592778,0.22130944
210,Dorsal Attention Network,0.23746802,0.29969528,0.37521338,0.1323724
211,Dorsal Attention Network,0.29681745,0.19966653,0.21098809,0.086796224
212,Dorsal Attention Network,0.14036381,0.23130618,0.17902389,0.17496596
213,Dorsal Attention Network,0.1918406,0.33020306,0.2901233,0.18011332
214,Dorsal Attention Network,0.18610974,0.3366498,0.3081084,0.2182167
215,Dorsal Attention Network,0.278165,0.25784487,0.32001233,0.23995431
216,Dorsal Attention Network,0.26665825,0.41243777,0.34128302,0.36626303
217,Dorsal Attention Network,0.20859325,0.38299015,0.3333533,0.2830161
218,Dorsal Attention Network,0.252934,0.2702602,0.23810308,0.35582694
219,Dorsal Attention Network,0.24261627,0.24511196,0.2498688,0.14618069
220,Dorsal Attention Network,0.32647014,0.13728523,0.26094967,0.28023997
221,Dorsal Attention Network,0.32648233,0.11482829,0.25043073,0.24620359
222,Dorsal Attention Network,0.36902067,0.10098424,0.3237174,0.3080212
223,Dorsal Attention Network,0.39041197,0.4187119,0.29092434,0.27289984
224,Dorsal Attention Network,0.16598079,0.11842301,0.14230298,0.08255857
225,Dorsal Attention Network,0.22858045,0.18059278,0.34337068,0.20552662
226,Dorsal Attention Network,0.25925314,0.28504822,0.22264495,0.1837851
227,Dorsal Attention Network,0.27972347,0.22143133,0.26730353,0.1359848
228,Dorsal Attention Network,0.27585846,0.105102986,0.12417266,0.112454966
229,Dorsal Attention Network,0.28645277,0.20180884,0.20914601,0.14885582
230,Dorsal Attention Network,0.22072981,0.16750021,0.14095008,0.10705539
231,Dorsal Attention Network,0.15770628,0.21661827,0.120167844,0.24013898
232,Dorsal Attention Network,0.24623273,0.08765625,0.2600108,0.17301968
233,Dorsal Attention Network,0.43400413,0.22946301,0.27295676,0.34279564
234,Ventral Attention Network,0.3278106,0.19485334,0.26077908,0.1597021
235,Ventral Attention Network,0.25518495,0.34161004,0.37370217,0.22249025
236,Ventral Attention Network,0.18912129,0.13778941,0.1917524,0.116619036
237,Ventral Attention Network,0.35207906,0.2403267,0.37131575,0.237292
238,Ventral Attention Network,0.22435649,0.16226882,0.13106404,0.13476834
239,Ventral Attention Network,0.37328377,0.26714814,0.2707694,0.24621098
240,Ventral Attention Network,0.16802023,0.16274478,0.14422745,0.04787904
241,Ventral Attention Network,0.24107535,0.23215304,0.23660813,0.22698595
242,Ventral Attention Network,0.24123493,0.2479993,0.17718841,0.13137546
243,Ventral Attention Network,0.3250145,0.29648727,0.42205164,0.25392473
244,Ventral Attention Network,0.35074976,0.33463767,0.32694513,0.14853792
245,Ventral Attention Network,0.012374365,0.026728416,0.10439875,0.039123245
246,Ventral Attention Network,0.15957904,0.10651876,0.14437158,0.10685853
247,Ventral Attention Network,0.1392334,0.12422403,0.13075788,0.135241
248,Ventral Attention Network,0.05793982,0.06297692,0.14815816,0.038616605
249,Ventral Attention Network,0.115610756,0.072571695,0.087313585,0.14571394
250,Ventral Attention Network,0.17713694,0.1474473,0.14904256,0.11938524
251,Ventral Attention Network,0.14223209,0.0993751,0.11144407,0.10575428
252,Ventral Attention Network,0.12990071,0.117961414,0.11752636,0.11517372
253,Ventral Attention Network,0.08612664,0.04585032,0.085263684,0.10048376
254,Ventral Attention Network,0.123993985,0.13740706,0.12696654,0.09772183
255,Ventral Attention Network,0.09913731,0.10631157,0.10445773,0.08058542
256,Ventral Attention Network,0.10654972,0.1204338,0.08650592,0.0755514
257,Ventral Attention Network,0.14033744,0.116506405,0.124191925,0.09928256
258,Ventral Attention Network,0.10264609,0.0717199,0.07139285,0.06283521
259,Ventral Attention Network,0.10855422,0.050362248,0.11540943,0.0353699
260,Ventral Attention Network,0.17396384,0.11083449,0.09713703,0.13413185
261,Ventral Attention Network,0.12216705,0.08717286,0.092132665,0.03412032
262,Ventral Attention Network,0.17661193,0.115092784,0.07217997,0.14848937
263,Ventral Attention Network,0.12415323,0.08012879,0.122414514,0.083240785
264,Ventral Attention Network,0.23523478,0.17590262,0.23757704,0.1514678
265,Ventral Attention Network,0.17074288,0.11774188,0.12246605,0.15778255
266,Ventral Attention Network,0.2148885,0.14997344,0.23517114,0.16671284
267,Ventral Attention Network,0.1886123,0.06977302,0.12516351,0.05070679
268,Ventral Attention Network,0.2454294,0.21699628,0.19299538,0.20140375
269,Ventral Attention Network,0.14114664,0.120906584,0.29097563,0.15314952
270,Ventral Attention Network,0.11856109,0.12899859,0.13378382,0.118519634
271,Ventral Attention Network,0.10567454,0.10847272,0.08960288,0.10271544
272,Ventral Attention Network,0.10785563,0.09474704,0.11753109,0.12430498
273,Ventral Attention Network,0.10883409,0.10414391,0.11006687,0.083252646
274,Ventral Attention Network,0.08109842,0.05004529,0.15125677,0.032440983
275,Ventral Attention Network,0.13278124,0.13598749,0.1273081,0.09032974
276,Ventral Attention Network,0.13839976,0.12015955,0.16776764,0.12206019
277,Ventral Attention Network,0.21733342,0.122494586,0.1965551,0.050997723
278,Ventral Attention Network,0.2347874,0.1964835,0.12942116,0.09989428
279,Ventral Attention Network,0.16189003,0.081348985,0.14232358,0.06475285
280,Ventral Attention Network,0.12662931,0.16697319,0.13640171,0.164951
281,Ventral Attention Network,0.3005488,0.32675704,0.36656302,0.3663805
282,Ventral Attention Network,0.33036253,0.25843108,0.25473848,0.0931163
283,Ventral Attention Network,0.09551683,0.06697424,0.10271961,0.028524987
284,Ventral Attention Network,0.19676393,0.20521177,0.2153592,0.2263271
285,Ventral Attention Network,0.33283257,0.1502124,0.15822792,0.121765435
286,Ventral Attention Network,0.32347232,0.35354203,0.24026911,0.1086432
287,Ventral Attention Network,0.31624636,0.2058756,0.17478478,0.12797178
288,Ventral Attention Network,0.19114763,0.14892527,0.201699,0.068387225
289,Limbic Network,0.028088031,0.09389978,0.07364991,0.048449952
290,Limbic Network,0.0055770245,0.037758194,0.044130977,0.019978547
291,Limbic Network,-0.0015573525,0.03196718,-0.0086046755,-0.0018969851
292,Limbic Network,-0.011081495,0.005288519,-0.0012116071,0.0075773397
293,Limbic Network,0.13431574,0.118348524,0.102393135,0.08334282
294,Limbic Network,-0.0014832909,0.008899961,-0.004552137,0.0024652355
295,Limbic Network,0.17956749,0.15827732,0.16815987,0.074798584
296,Limbic Network,0.0798381,0.05339206,0.071200304,0.050432064
297,Limbic Network,0.03692658,0.023158586,0.0547005,0.024454447
298,Limbic Network,0.0072902488,-0.00340235,0.05283317,0.022668768
299,Limbic Network,-0.0004857011,0.025582395,0.021158094,0.008207649
300,Limbic Network,0.0049606743,0.019633282,0.034109745,0.008481047
301,Limbic Network,0.09628373,0.1067534,0.03864314,0.03264966
302,Limbic Network,0.1218172,0.06537056,0.12271964,0.11569961
303,Limbic Network,0.15889224,0.06479045,0.15215634,0.04544575
304,Limbic Network,0.32505336,0.14036062,0.35750398,0.18188821
305,Limbic Network,0.062395208,0.059166033,0.07359647,0.04082342
306,Limbic Network,0.06445828,0.051319502,0.13898976,0.054852687
307,Limbic Network,0.09181438,0.043984022,0.09411029,0.060589697
308,Limbic Network,0.010042027,0.033725325,0.02341554,0.020020038
309,Limbic Network,0.014371044,0.12366922,0.19254227,0.0524962
310,Limbic Network,0.29664543,0.13174406,0.23382397,0.09940806
311,Limbic Network,0.12158368,0.065645725,0.12891254,0.05933729
312,Limbic Network,0.06023006,0.22363399,0.08278503,0.1324696
313,Limbic Network,0.05623752,0.08451252,0.03899178,0.011998403
314,Limbic Network,0.017448323,0.024990061,0.049669985,0.02998564
315,Limbic Network,0.09101706,0.09535579,0.2312922,0.029291635
316,Limbic Network,0.13556276,0.062159397,0.16879715,0.0024541318
317,Limbic Network,0.21150555,0.09378925,0.29825294,0.089846075
318,Control Network,0.26568413,0.23172802,0.24628878,0.30076346
319,Control Network,0.19111283,0.27623796,0.20502318,0.17201993
320,Control Network,0.25038964,0.27906412,0.2185314,0.108317845
321,Control Network,0.22738056,0.19142734,0.20921977,0.17190899
322,Control Network,0.13265294,0.21008386,0.18149833,0.14039437
323,Control Network,0.17709926,0.23085482,0.19239944,0.15514946
324,Control Network,0.15550789,0.23170471,0.16965441,0.16971104
325,Control Network,0.17170925,0.19635183,0.1753486,0.17713831
326,Control Network,0.19295591,0.18445772,0.17657948,0.11269732
327,Control Network,0.13825253,0.1552026,0.14480741,0.13313831
328,Control Network,0.190668,0.19194731,0.18628226,0.13956994
329,Control Network,0.18798658,0.21837443,0.22237864,0.15753172
330,Control Network,0.14844914,0.20936094,0.17712356,0.18288657
331,Control Network,0.13738404,0.14410259,0.18798442,0.11871931
332,Control Network,0.106135644,0.18561603,0.12598583,0.10711966
333,Control Network,0.06832481,0.11054391,0.18658096,0.16099668
334,Control Network,0.18362948,0.2375358,0.26373124,0.16757935
335,Control Network,0.1360319,0.24329376,0.25915316,0.25641313
336,Control Network,0.2674807,0.35619247,0.36255237,0.25614575
337,Control Network,0.16305704,0.11781415,0.26382247,0.15232466
338,Control Network,0.2311629,0.21233383,0.19606885,0.14130345
339,Control Network,0.2341084,0.2733933,0.3552515,0.16844794
340,Control Network,0.11645831,0.151538,0.24018021,0.1322124
341,Control Network,0.27994475,0.31948203,0.286118,0.16120683
342,Control Network,0.1563073,0.16027734,0.1760521,0.14293009
343,Control Network,0.20034453,0.2988633,0.28721088,0.14646518
344,Control Network,0.17271826,0.20626286,0.2054379,0.16799495
345,Control Network,0.31146798,0.24777845,0.33114755,0.16513558
346,Control Network,0.14791475,0.18777023,0.14924861,0.14458343
347,Control Network,0.23090464,0.28347477,0.36222976,0.28290713
348,Control Network,0.23342669,0.21970968,0.21589771,0.17485458
349,Control Network,0.17206793,0.1845174,0.17387974,0.11006885
350,Control Network,0.17592414,0.15038393,0.20215754,0.09780257
351,Control Network,0.19495384,0.22016053,0.28936878,0.1586791
352,Control Network,0.16663271,0.20055494,0.17728883,0.1358497
353,Control Network,0.2861498,0.24179374,0.23821235,0.14908199
354,Control Network,0.14710692,0.18466099,0.2038935,0.09092594
355,Control Network,0.24277624,0.20367064,0.27116334,0.15562133
356,Control Network,0.17710304,0.17480648,0.21391384,0.13842759
357,Control Network,0.39040315,0.120516576,0.24880444,0.2045892
358,Control Network,0.08086919,0.1562988,0.1317947,0.08739597
359,Control Network,0.100784466,0.10306367,0.1262162,0.07858825
360,Control Network,0.08796095,0.104962334,0.11809422,0.06353539
361,Control Network,0.2435139,0.2610244,0.21462765,0.26233238
362,Control Network,0.22234133,0.26749048,0.17899866,0.28269285
363,Control Network,0.1922797,0.33342656,0.1969204,0.21059272
364,Control Network,0.14899519,0.34843338,0.28146672,0.15801977
365,Control Network,0.053744797,0.047104027,0.088310204,0.06678609
366,Control Network,0.055727616,0.037738904,0.077838875,0.041838616
367,Control Network,0.079789236,0.08045372,0.11864287,0.05135054
368,Control Network,0.05698012,0.04284722,0.10592131,0.052416053
369,Control Network,0.09100103,0.030474275,0.08827672,0.08425649
370,Control Network,0.048104033,0.04507746,0.08740792,0.04907992
371,Control Network,0.09456881,0.11182753,0.098079324,0.088894375
372,Control Network,0.118604034,0.09701731,0.14936493,0.1208096
373,Control Network,0.15835716,0.2253028,0.19682454,0.12362768
374,Control Network,0.16979021,0.17713435,0.16797663,0.16667564
375,Default Mode Network,0.26601917,0.30915076,0.28958932,0.24370414
376,Default Mode Network,0.21890496,0.27783868,0.27682543,0.20381013
377,Default Mode Network,0.32733414,0.33091894,0.44414344,0.34066483
378,Default Mode Network,0.2284861,0.17431001,0.29641953,0.16495545
379,Default Mode Network,0.28512505,0.33894873,0.25856912,0.27940878
380,Default Mode Network,0.21878064,0.26255387,0.32978642,0.34299976
381,Default Mode Network,0.27807486,0.33991838,0.37068114,0.35035795
382,Default Mode Network,0.22770233,0.28811508,0.2086133,0.16566907
383,Default Mode Network,0.3279508,0.3085556,0.23867823,0.2827063
384,Default Mode Network,0.21580888,0.1526274,0.23379618,0.25933126
385,Default Mode Network,0.2654933,0.2499078,0.26904565,0.26463145
386,Default Mode Network,0.22566755,0.26306736,0.21394648,0.15077077
387,Default Mode Network,0.36696663,0.21894889,0.25934127,0.18746111
388,Default Mode Network,0.28328803,0.31379372,0.24453059,0.23556714
389,Default Mode Network,0.21771842,0.21090971,0.21366797,0.20438671
390,Default Mode Network,0.2031395,0.20242444,0.17087664,0.16996974
391,Default Mode Network,0.2704746,0.18652345,0.27364048,0.19941644
392,Default Mode Network,0.22546977,0.19914114,0.19089419,0.104277864
393,Default Mode Network,0.17325602,0.18792155,0.23532388,0.19539267
394,Default Mode Network,0.38776273,0.19071183,0.2604997,0.13086101
395,Default Mode Network,0.23273331,0.16482337,0.35366246,0.12000064
396,Default Mode Network,0.008081699,0.06135912,0.15203694,0.018239655
397,Default Mode Network,0.35747305,0.31603253,0.34701702,0.29734954
398,Default Mode Network,0.44522437,0.27713886,0.30756772,0.20138726
399,Default Mode Network,0.10633804,0.13774699,0.2589062,0.07705859
400,Default Mode Network,0.4527159,0.24566115,0.41611207,0.3392748
401,Default Mode Network,0.08276146,0.1547042,0.19137678,0.1573937
402,Default Mode Network,0.29782593,0.29090193,0.3734425,0.29704925
403,Default Mode Network,0.23835984,0.3005237,0.3597565,0.30109385
404,Default Mode Network,0.44366595,0.31369784,0.4410896,0.33089387
405,Default Mode Network,0.24604468,0.37263116,0.31336275,0.31679833
406,Default Mode Network,0.3159322,0.29372045,0.4132945,0.35454494
407,Default Mode Network,0.31437048,0.26271537,0.383833,0.40253887
408,Default Mode Network,0.43464407,0.31194863,0.5274476,0.4245624
409,Default Mode Network,0.4448862,0.44813403,0.3851446,0.4003338
410,Default Mode Network,0.42880607,0.28573635,0.44811106,0.4271835
411,Default Mode Network,0.484009,0.32195577,0.5291476,0.4313049
412,Default Mode Network,0.46435633,0.41226873,0.4446721,0.41055885
413,Default Mode Network,0.2769897,0.43285424,0.4203905,0.29977566
414,Default Mode Network,0.4975201,0.41615102,0.53126866,0.45280188
415,Default Mode Network,0.4714162,0.40707332,0.43778804,0.38640746
416,Default Mode Network,0.047598816,0.08069415,0.13699025,0.06636308
417,Default Mode Network,0.0064645647,0.0429328,0.076332405,0.029075975
418,Default Mode Network,0.19671845,0.21743178,0.22306736,0.08146752
419,Default Mode Network,0.19486335,0.14549674,0.22430466,0.22297028
420,Default Mode Network,0.053109687,0.039494704,0.03786982,0.05328609
421,Default Mode Network,0.16237764,0.22633712,0.10316548,0.13502498
422,Default Mode Network,0.11581239,0.13673669,0.12337246,0.04522173
423,Default Mode Network,0.34439075,0.27961168,0.31167933,0.1780149
424,Default Mode Network,0.012168668,0.035715017,0.01994407,0.018680526
425,Default Mode Network,0.09212057,0.15173444,0.14753027,0.17376353
426,Default Mode Network,0.35436764,0.3135653,0.31039327,0.13569632
427,Default Mode Network,0.11868919,0.087969854,0.16488297,0.04391077
428,Default Mode Network,0.022841332,0.035249367,0.08476868,0.0847996
429,Default Mode Network,0.17006713,0.14940299,0.16945058,0.10187826
430,Default Mode Network,0.3250977,0.21077515,0.21171007,0.18178912
431,Default Mode Network,0.1065482,0.047913335,0.12251012,0.030311426
432,Default Mode Network,0.38033602,0.31565726,0.26658148,0.28069556
433,Default Mode Network,0.34953725,0.19022933,0.10915202,0.17167681
434,Default Mode Network,0.15815273,0.167636,0.11281672,0.066284195
435,Default Mode Network,0.09778249,0.10084982,0.110133395,0.0893483
436,Default Mode Network,0.41022542,0.31100816,0.26982605,0.30059135
437,Default Mode Network,0.13395107,0.16850409,0.14662793,0.1023733
438,Default Mode Network,0.086723454,0.050126746,0.081330135,0.1045643
439,Default Mode Network,0.15326363,0.14969897,0.20085417,0.111937955
440,Default Mode Network,0.07833612,0.07069422,0.092082344,0.10924136
441,Default Mode Network,0.21488717,0.1529434,0.23548624,0.14997974
442,Default Mode Network,0.19943167,0.12930572,0.20766602,0.12108629
443,Default Mode Network,0.11496155,0.13866293,0.14871842,0.12520094
444,Default Mode Network,0.30354,0.16748951,0.33576408,0.17462383
445,Default Mode Network,0.21166666,0.23946561,0.23515038,0.20122622
446,Default Mode Network,0.29116234,0.21633074,0.19094802,0.065666705
447,Default Mode Network,0.14357613,0.18402512,0.1728659,0.08095757
448,Default Mode Network,0.30463278,0.31610474,0.16226415,0.15737098
449,Default Mode Network,0.43745595,0.273997,0.30803853,0.11114319
450,Default Mode Network,0.20701493,0.16139144,0.14498131,0.13013957
451,Default Mode Network,0.20859912,0.18429746,0.24446552,0.16228323
452,Default Mode Network,0.18825549,0.21926308,0.19547714,0.15545878
453,Default Mode Network,0.13452406,0.15293266,0.22024772,0.11589103
454,Default Mode Network,0.18726353,0.16300534,0.20970458,0.11595777
455,Default Mode Network,0.33726123,0.26775154,0.34400198,0.19695659
456,Default Mode Network,0.16883776,0.17349066,0.17430161,0.1194671
457,Default Mode Network,0.30990824,0.27088115,0.40368623,0.26328743
458,Default Mode Network,0.23746774,0.1608381,0.24305668,0.17074932
459,Default Mode Network,0.18698336,0.17346953,0.13466574,0.108508006
460,Default Mode Network,0.20937276,0.12013349,0.20764388,0.11235482
461,Default Mode Network,0.37700126,0.2966958,0.32623887,0.2104512
462,Default Mode Network,0.3475699,0.22227155,0.19461776,0.1547136
463,Default Mode Network,0.13451757,0.14873117,0.13055992,0.06579354
464,Default Mode Network,0.3731909,0.36294112,0.34059668,0.32245275
465,Default Mode Network,0.27302077,0.12813966,0.10606557,0.13273448
466,Default Mode Network,0.09300235,0.11564414,0.10806567,0.14343415
467,Default Mode Network,0.16663134,0.16817881,0.23114735,0.21136175
468,Default Mode Network,0.070938736,0.08490315,0.11495413,0.068797216
469,Default Mode Network,0.19666469,0.18986991,0.2821452,0.2214542
470,Default Mode Network,0.1896535,0.12521926,0.18494944,0.1083524
471,Default Mode Network,0.054412346,0.04764315,0.11507703,0.046506897
472,Default Mode Network,0.2882675,0.25205296,0.36444765,0.29536834
473,Default Mode Network,0.16175202,0.041864872,0.11838368,0.10915335
474,Default Mode Network,0.2868298,0.2577853,0.31616884,0.30484182
475,Default Mode Network,0.20319921,0.14483047,0.20393963,0.13205475
476,Default Mode Network,0.13208704,0.03826182,0.07461252,0.08645826
477,Default Mode Network,0.1573688,0.1069751,0.17011555,0.102501065
478,Default Mode Network,0.20701331,0.20446612,0.23465651,0.1445682
479,Default Mode Network,0.14316146,0.084483035,0.15728076,0.10376513
480,Default Mode Network,0.16099408,0.16605286,0.1898354,0.1354574
481,Default Mode Network,0.14668982,0.089108355,0.120757304,0.0900467
482,Default Mode Network,0.10493568,0.10545376,0.1584997,0.103846066
483,Default Mode Network,0.19311215,0.22934695,0.17698066,0.16183835
484,Default Mode Network,0.12803274,0.13093616,0.1464359,0.13112561
485,Default Mode Network,0.17537667,0.14500807,0.16222183,0.10795532
486,Default Mode Network,0.14885463,0.11917208,0.1301071,0.12983635
487,Default Mode Network,0.11190375,0.10216905,0.12238329,0.14432675
488,Default Mode Network,0.15853642,0.13488722,0.14867106,0.11846192
489,Default Mode Network,0.19987188,0.3090963,0.18531083,0.18272729
490,Default Mode Network,0.12955599,0.12948595,0.12794243,0.083391875
491,Default Mode Network,0.2211059,0.10585992,0.1909892,0.16782941
492,Default Mode Network,0.15734775,0.18036173,0.16962811,0.18478292
493,Default Mode Network,0.18055288,0.19212458,0.12693171,0.13808058
494,Default Mode Network,0.1654392,0.24829043,0.28968284,0.18659435
495,Default Mode Network,0.166751,0.20584914,0.19507827,0.17646025
496,Default Mode Network,0.20401648,0.22806868,0.27689606,0.23546635
497,Default Mode Network,0.16319664,0.2992491,0.2910077,0.2126611
498,Default Mode Network,0.22457945,0.24355334,0.29273054,0.19261713
499,Default Mode Network,0.04669801,0.0089980615,0.07710463,0.04088472
500,Default Mode Network,0.23701414,0.15511833,0.31508258,0.16225691
501,Visual Network,0.22223048,0.28646547,0.26133582,0.20947148
502,Visual Network,0.3714812,0.28684348,0.29828024,0.2616998
503,Visual Network,0.31752166,0.26959023,0.33545852,0.19309391
504,Visual Network,0.38232195,0.34334788,0.3345644,0.3569608
505,Visual Network,0.2422465,0.22898658,0.3324732,0.17267154
506,Visual Network,0.39991957,0.34314778,0.3961635,0.23796153
507,Visual Network,0.41806784,0.44383407,0.5025508,0.42688355
508,Visual Network,0.44799805,0.3969014,0.4692458,0.38461015
509,Visual Network,0.43307254,0.44109258,0.49758267,0.41621876
510,Visual Network,0.14867386,0.17609407,0.21220164,0.18677185
511,Visual Network,0.27813467,0.20241198,0.31844392,0.19511698
512,Visual Network,0.35789448,0.4072393,0.44223514,0.33962113
513,Visual Network,0.42534187,0.36742344,0.42482415,0.42012745
514,Visual Network,0.4131373,0.43032837,0.4028837,0.40844658
515,Visual Network,0.34570545,0.35236013,0.32450238,0.28446725
516,Visual Network,0.2674049,0.10943538,0.26620892,0.10360216
517,Visual Network,0.2609812,0.29057193,0.4001529,0.22870213
518,Visual Network,0.38620389,0.40936366,0.46619636,0.2983582
519,Visual Network,0.19668318,0.15273201,0.18067822,0.2729496
520,Visual Network,0.094417006,0.12313594,0.27288398,0.14600427
521,Visual Network,0.2759419,0.31395203,0.23813966,0.20689219
522,Visual Network,0.13986501,0.18077908,0.15116316,0.13398986
523,Visual Network,0.23056924,0.3020403,0.25030303,0.1278392
524,Visual Network,0.383329,0.4207058,0.37366402,0.25572708
525,Visual Network,0.1593603,0.1256243,0.37979737,0.16087346
526,Visual Network,0.38186902,0.28490242,0.3599714,0.23086354
527,Visual Network,0.1833502,0.24116848,0.25650615,0.09044355
528,Visual Network,0.35345665,0.34241796,0.44516045,0.34398398
529,Visual Network,0.13221996,0.21956563,0.38091835,0.18753581
530,Visual Network,0.31935295,0.32522714,0.34036824,0.26871005
531,Visual Network,0.33840543,0.20482917,0.26986226,0.19110216
532,Visual Network,0.29527625,0.18314612,0.32425952,0.13317339
533,Visual Network,0.30875185,0.17775936,0.24386467,0.15054564
534,Visual Network,0.43319452,0.39217058,0.46068123,0.33442217
535,Visual Network,0.38935247,0.30650455,0.39338693,0.26831424
536,Visual Network,0.37708145,0.29775497,0.32949153,0.24237745
537,Visual Network,0.38165,0.30649322,0.25889507,0.15271865
538,Visual Network,0.34670094,0.42857242,0.40495548,0.35366765
539,Visual Network,0.511772,0.39481777,0.51644075,0.34030387
540,Visual Network,0.27869982,0.2711849,0.32135034,0.15480886
541,Visual Network,0.30988562,0.13956888,0.24419211,0.08282632
542,Visual Network,0.24330571,0.15089282,0.3069049,0.17487103
543,Visual Network,0.15812147,0.21778125,0.28988728,0.13693805
544,Visual Network,0.40044153,0.4075024,0.38883734,0.26906052
545,Visual Network,0.29896668,0.2722296,0.32038233,0.24518946
546,Visual Network,0.13546394,0.4363868,0.38155612,0.26532087
547,Visual Network,0.32367802,0.19355641,0.30057964,0.15136032
548,Visual Network,0.3168569,0.20192319,0.34359968,0.19972442
549,Visual Network,0.48281765,0.50880104,0.49163735,0.47748595
550,Visual Network,0.3350238,0.31047758,0.32479492,0.19082952
551,Visual Network,0.3447336,0.38353774,0.38678408,0.286323
552,Visual Network,0.4634021,0.38158196,0.48238498,0.35577035
553,Visual Network,0.2954068,0.36690843,0.35098177,0.28439716
554,Visual Network,0.36414126,0.4018172,0.27688226,0.24006487
555,Visual Network,0.3453492,0.30775684,0.2633828,0.16550705
556,Visual Network,0.5139784,0.44742104,0.5259233,0.4098813
557,Visual Network,0.25891212,0.19504732,0.32217807,0.2219836
558,Visual Network,0.3960293,0.4041207,0.42961958,0.29368612
559,Visual Network,0.24542461,0.28287637,0.2758975,0.22015181
560,Visual Network,0.3796787,0.40781933,0.42202505,0.34980717
561,Visual Network,0.44880795,0.500835,0.36871934,0.39329052
562,Visual Network,0.39294094,0.45822385,0.49578765,0.3305272
563,Visual Network,0.2952238,0.20950885,0.26844588,0.18205558
564,Visual Network,0.29561827,0.3532961,0.26301727,0.18664962
565,Visual Network,0.2800255,0.25178936,0.36544576,0.21344274
566,Visual Network,0.45734838,0.4292078,0.46596715,0.38761303
567,Visual Network,0.4957913,0.50071216,0.4354767,0.43466246
568,Visual Network,0.2628778,0.29865265,0.33120826,0.14573145
569,Visual Network,0.41742903,0.4504045,0.5207613,0.35716432
570,Visual Network,0.27138266,0.22746314,0.28472733,0.2043462
571,Visual Network,0.33827168,0.19788614,0.344773,0.2120914
572,Visual Network,0.43073472,0.45603788,0.39876592,0.1801337
573,Visual Network,0.4335066,0.45118764,0.42096764,0.3981789
574,Visual Network,0.30029908,0.3327751,0.39455628,0.42631677
575,Visual Network,0.3706222,0.28129616,0.3848009,0.18660024
576,Visual Network,0.283297,0.45747814,0.4603395,0.41144225
577,Visual Network,0.43128002,0.48669973,0.4555754,0.4284099
578,Visual Network,0.31605053,0.35205507,0.33023936,0.3818636
579,Visual Network,0.46962363,0.4131928,0.45143357,0.27016428
580,Visual Network,0.46259654,0.46372038,0.28446093,0.32466927
581,Visual Network,0.34668848,0.46333167,0.33546537,0.37472922
582,Somatomotor Network,0.23884612,0.33893117,0.34507143,0.22203456
583,Somatomotor Network,0.47309124,0.46673596,0.45382544,0.41951576
584,Somatomotor Network,0.40418473,0.4175731,0.37342936,0.3224629
585,Somatomotor Network,0.39941317,0.3607127,0.49888727,0.29536352
586,Somatomotor Network,0.35861546,0.49936762,0.5430468,0.34975436
587,Somatomotor Network,0.25760925,0.24673104,0.27819833,0.12008003
588,Somatomotor Network,0.4969841,0.44938216,0.51647204,0.40090916
589,Somatomotor Network,0.08276598,0.045555025,0.07650565,0.046057522
590,Somatomotor Network,0.46237528,0.45412564,0.5159494,0.3452756
591,Somatomotor Network,0.48460007,0.30697766,0.52408403,0.23598348
592,Somatomotor Network,0.16614091,0.16161318,0.13921148,0.112674765
593,Somatomotor Network,0.5271945,0.44507122,0.50498456,0.38551643
594,Somatomotor Network,0.35731688,0.40901107,0.42001843,0.2575276
595,Somatomotor Network,0.4575489,0.4881041,0.5284504,0.3401844
596,Somatomotor Network,0.0952561,0.034903217,0.08281959,0.05092922
597,Somatomotor Network,0.22883521,0.16276331,0.21084934,0.12380849
598,Somatomotor Network,0.09686256,0.064931735,0.066597864,0.061785474
599,Somatomotor Network,0.37090713,0.3998228,0.49243262,0.19077905
600,Somatomotor Network,0.1388047,0.035639778,0.07578919,0.046396732
601,Somatomotor Network,0.2252722,0.2919999,0.3337905,0.22741424
602,Somatomotor Network,0.053143118,0.027245883,0.0702622,0.044776153
603,Somatomotor Network,0.14114484,0.085787304,0.055286746,0.100287974
604,Somatomotor Network,0.27701923,0.26844922,0.37947723,0.29490212
605,Somatomotor Network,0.37868568,0.24479203,0.3338688,0.26752037
606,Somatomotor Network,0.168172,0.091576345,0.10651844,0.080411196
607,Somatomotor Network,0.17938651,0.08489849,0.09526735,0.10285812
608,Somatomotor Network,0.3345158,0.3285033,0.2798807,0.19019735
609,Somatomotor Network,0.14455101,0.12008779,0.17147374,0.07938889
610,Somatomotor Network,0.14185853,0.09726541,0.17418759,0.04746695
611,Somatomotor Network,0.20531623,0.24181272,0.090192236,0.17176671
612,Somatomotor Network,0.16638424,0.065562144,0.09362893,0.09430061
613,Somatomotor Network,0.16869296,0.12623522,0.20460792,0.04944608
614,Somatomotor Network,0.16364942,0.08197384,0.25548312,0.047786023
615,Somatomotor Network,0.1595383,0.13413417,0.13715498,0.049647883
616,Somatomotor Network,0.17510252,0.14964902,0.25602594,0.14809197
617,Somatomotor Network,0.14512514,0.112921365,0.14713295,0.013123251
618,Somatomotor Network,0.13541542,0.06630963,0.0678681,0.0049215886
619,Somatomotor Network,0.15534131,0.11565547,0.049072772,0.03548729
620,Somatomotor Network,0.174996,0.120801255,0.10464159,0.045682386
621,Somatomotor Network,0.117608964,0.12322801,0.06206804,0.3504327
622,Somatomotor Network,0.14636199,0.09344021,0.11410372,0.04765255
623,Somatomotor Network,0.17416371,0.12916903,0.10141807,0.06923027
624,Somatomotor Network,0.16097197,0.08469778,0.07510507,0.068563245
625,Somatomotor Network,0.2114564,0.13580059,0.10631065,0.06685031
626,Somatomotor Network,0.08689833,0.07618642,0.11218137,0.07089344
627,Somatomotor Network,0.1318724,0.14577286,0.13833049,0.059857626
628,Somatomotor Network,0.3274173,0.1641229,0.35575998,0.123807296
629,Somatomotor Network,0.19277546,0.12673596,0.0811985,0.083226606
630,Somatomotor Network,0.20328905,0.11679939,0.08712153,0.06376101
631,Somatomotor Network,0.1463972,0.084732294,0.09300931,0.025963467
632,Somatomotor Network,0.2350328,0.14499119,0.08608535,0.022938548
633,Somatomotor Network,0.10468532,0.070390485,0.1491817,0.067108825
634,Somatomotor Network,0.08668557,0.055866912,0.07330401,0.03455067
635,Somatomotor Network,0.13749307,0.15013438,0.13067065,0.051006336
636,Somatomotor Network,0.14393373,0.13815649,0.1498835,0.10693692
637,Somatomotor Network,0.07676449,0.08663168,0.12097769,0.031068858
638,Somatomotor Network,0.08366296,0.031225717,0.09677004,0.01760866
639,Somatomotor Network,0.2279121,0.22137871,0.11557158,0.067247175
640,Somatomotor Network,0.1715423,0.093286134,0.11908284,0.07927536
641,Somatomotor Network,0.23710825,0.1460058,0.07487306,0.045318607
642,Somatomotor Network,0.10426226,0.08182658,0.089338504,0.030661305
643,Somatomotor Network,0.100953214,0.08547555,0.10155574,0.044620164
644,Somatomotor Network,0.059598427,0.103524774,0.09781871,0.04661987
645,Somatomotor Network,0.22041807,0.08177632,0.1370637,0.09168122
646,Somatomotor Network,0.33309856,0.09074739,0.1109956,0.059623998
647,Somatomotor Network,0.13725023,0.05270928,0.1053665,0.059976608
648,Somatomotor Network,0.13942215,0.07824774,0.06592008,0.09530193
649,Somatomotor Network,0.14368577,0.10343219,0.11289946,0.04591764
650,Somatomotor Network,0.26583344,0.24346326,0.25576812,0.0752716
651,Somatomotor Network,0.26178023,0.045293815,0.06800522,0.0193645
652,Somatomotor Network,0.07554144,0.09127446,0.09693188,0.06825752
653,Somatomotor Network,0.19040021,0.08672989,0.07001684,0.080647305
654,Somatomotor Network,0.060192406,0.10388427,0.09159514,0.08049737
655,Somatomotor Network,0.24222557,0.047170013,0.061833337,0.03534618
656,Somatomotor Network,0.24951127,0.09140059,0.15345359,0.07826216
657,Somatomotor Network,0.3491837,0.18580146,0.19932503,0.058853574
658,Somatomotor Network,0.19254482,0.14131378,0.122129954,0.05410238
659,Somatomotor Network,0.16182712,0.13885024,0.17332417,0.125335
660,Somatomotor Network,0.16742489,0.075288326,0.08796867,0.018964551
661,Somatomotor Network,0.13594492,0.078483574,0.11311214,0.057381872
662,Somatomotor Network,0.31158757,0.07354703,0.16366269,0.07795133
663,Somatomotor Network,0.14870116,0.04725007,0.04960687,0.043872338
664,Somatomotor Network,0.19365758,0.09054892,0.14175944,0.035459317
665,Somatomotor Network,0.18057793,0.04100641,0.14519955,0.055205494
666,Somatomotor Network,0.08024035,0.11718328,0.077954814,0.022792898
667,Somatomotor Network,0.25501168,0.14057209,0.15456368,0.06522256
668,Somatomotor Network,0.3019757,0.08473614,0.15421854,0.054660957
669,Somatomotor Network,0.17571405,0.10521854,0.09334556,0.046738084
670,Somatomotor Network,0.15149394,0.04091042,0.072278425,0.024909794
671,Somatomotor Network,0.20933926,0.05750695,0.098952614,0.02343515
672,Somatomotor Network,0.16113819,0.11397754,0.16231968,0.03701546
673,Somatomotor Network,0.15482256,0.07366801,0.12861533,0.08609508
674,Somatomotor Network,0.09323757,0.14378504,0.10956231,0.105092674
675,Somatomotor Network,0.2943318,0.059521627,0.121903144,0.029304078
676,Somatomotor Network,0.08581404,0.10479966,0.117399246,0.016037352
677,Somatomotor Network,0.12349859,0.07110829,0.11132605,0.03538074
678,Somatomotor Network,0.11922573,0.089830935,0.11048534,0.02929578
679,Somatomotor Network,0.22052121,0.100814305,0.12911549,0.044182826
680,Somatomotor Network,0.16822733,0.081199296,0.08600886,0.024523936
681,Somatomotor Network,0.09059958,0.05824585,0.042645186,0.105479516
682,Somatomotor Network,0.1670497,0.048606332,0.11130853,0.018913312
683,Somatomotor Network,0.16496731,0.058628984,0.091325894,0.025870157
684,Somatomotor Network,0.107721195,0.090347484,0.090510055,0.02566698
685,Dorsal Attention Network,0.09489297,0.1855984,0.21497215,0.07788585
686,Dorsal Attention Network,0.25023934,0.2502307,0.3089687,0.1760359
687,Dorsal Attention Network,0.1974406,0.15242031,0.23844014,0.11340561
688,Dorsal Attention Network,0.23149264,0.26663432,0.2502769,0.18279012
689,Dorsal Attention Network,0.06596644,0.12024073,0.1962035,0.05696808
690,Dorsal Attention Network,0.27062756,0.3386308,0.2901512,0.24417204
691,Dorsal Attention Network,0.36711633,0.35287455,0.22346087,0.28737044
692,Dorsal Attention Network,0.43003044,0.505142,0.4268063,0.44799608
693,Dorsal Attention Network,0.4283866,0.47770354,0.3698713,0.35896584
694,Dorsal Attention Network,0.33870322,0.25565997,0.38579434,0.1623184
695,Dorsal Attention Network,0.5061899,0.5183073,0.4410769,0.40435013
696,Dorsal Attention Network,0.47709098,0.37541744,0.24600768,0.20859441
697,Dorsal Attention Network,0.2791471,0.32764784,0.24347651,0.28474084
698,Dorsal Attention Network,0.13941687,0.20327912,0.088201724,0.12228005
699,Dorsal Attention Network,0.23430085,0.24621598,0.1798084,0.23688573
700,Dorsal Attention Network,0.3449662,0.34793428,0.1795749,0.23155257
701,Dorsal Attention Network,0.16821072,0.19137362,0.14524555,0.07714097
702,Dorsal Attention Network,0.15251085,0.12376768,0.1415681,0.08073274
703,Dorsal Attention Network,0.2601088,0.21081965,0.18390667,0.18700393
704,Dorsal Attention Network,0.17501195,0.13239114,0.1709412,0.07230842
705,Dorsal Attention Network,0.4283654,0.47816208,0.28411514,0.29124838
706,Dorsal Attention Network,0.40597656,0.3100764,0.29171416,0.14282729
707,Dorsal Attention Network,0.11493572,0.09464653,0.11439014,0.042555448
708,Dorsal Attention Network,0.23669434,0.27901646,0.19844416,0.13548292
709,Dorsal Attention Network,0.13206983,0.15815015,0.123362824,0.14067246
710,Dorsal Attention Network,0.11756155,0.15899076,0.1892215,0.08246822
711,Dorsal Attention Network,0.40715954,0.4898024,0.30127195,0.2702287
712,Dorsal Attention Network,0.119585305,0.10061616,0.18187226,0.08855384
713,Dorsal Attention Network,0.1894018,0.18063687,0.17035995,0.14688177
714,Dorsal Attention Network,0.1375023,0.021017184,0.10338416,0.01839215
715,Dorsal Attention Network,0.13981733,0.15649942,0.11448218,0.24675387
716,Dorsal Attention Network,0.16341478,0.28046632,0.29993933,0.23800664
717,Dorsal Attention Network,0.3168406,0.40230495,0.40249583,0.3377282
718,Dorsal Attention Network,0.1480141,0.20856997,0.13331725,0.37357208
719,Dorsal Attention Network,0.22272106,0.10005009,0.2034221,0.12969688
720,Dorsal Attention Network,0.21745133,0.25489822,0.2301343,0.08228949
721,Dorsal Attention Network,0.4160264,0.3458112,0.3417059,0.17423898
722,Dorsal Attention Network,0.20759249,0.28911448,0.29827175,0.22019808
723,Dorsal Attention Network,0.32705268,0.34646624,0.40718976,0.14540665
724,Dorsal Attention Network,0.3196664,0.20264235,0.3075643,0.17446168
725,Dorsal Attention Network,0.26461658,0.35377654,0.3676072,0.32456636
726,Dorsal Attention Network,0.12976477,0.24184586,0.16967036,0.26358724
727,Dorsal Attention Network,0.195355,0.33368903,0.40030196,0.3190857
728,Dorsal Attention Network,0.3838766,0.31699985,0.42689124,0.25379065
729,Dorsal Attention Network,0.37583113,0.3122312,0.33289027,0.1053052
730,Dorsal Attention Network,0.2688686,0.41700545,0.35823187,0.23688538
731,Dorsal Attention Network,0.3341464,0.46909365,0.2558762,0.3306054
732,Dorsal Attention Network,0.23939042,0.20545709,0.2714401,0.15087746
733,Dorsal Attention Network,0.24604787,0.28564984,0.24814475,0.26624024
734,Dorsal Attention Network,0.27500588,0.29935145,0.24610835,0.24461207
735,Dorsal Attention Network,0.3599398,0.27124625,0.24799122,0.2747235
736,Dorsal Attention Network,0.27664876,0.08561042,0.19451433,0.13741593
737,Dorsal Attention Network,0.39180535,0.31946942,0.35859683,0.2700318
738,Dorsal Attention Network,0.16155,0.32723624,0.28516135,0.16197859
739,Dorsal Attention Network,0.1289043,0.17451876,0.2515956,0.2451255
740,Dorsal Attention Network,0.3721834,0.20963112,0.1618028,0.0924496
741,Dorsal Attention Network,0.22566853,0.34384197,0.20866106,0.14266266
742,Dorsal Attention Network,0.3216307,0.16649686,0.20167719,0.104597814
743,Dorsal Attention Network,0.15185528,0.16280615,0.12715413,0.15099171
744,Dorsal Attention Network,0.17807557,0.16682446,0.16275075,0.21655001
745,Dorsal Attention Network,0.18695047,0.10155132,0.08471628,0.19809717
746,Ventral Attention Network,0.23705703,0.26493943,0.24091078,0.33330977
747,Ventral Attention Network,0.23735833,0.30419606,0.41591036,0.17583372
748,Ventral Attention Network,0.35009784,0.34102246,0.3219135,0.27205595
749,Ventral Attention Network,0.3356109,0.3184848,0.5291697,0.1869806
750,Ventral Attention Network,0.27680787,0.18212385,0.3446068,0.19515698
751,Ventral Attention Network,0.2001472,0.37946177,0.378916,0.31586188
752,Ventral Attention Network,0.23104538,0.13232628,0.3837768,0.14249583
753,Ventral Attention Network,0.36500952,0.38731158,0.41014263,0.19918646
754,Ventral Attention Network,0.26472738,0.10313597,0.15785064,0.06123492
755,Ventral Attention Network,0.3103182,0.28570682,0.24214227,0.19358383
756,Ventral Attention Network,0.14747645,0.19980785,0.254167,0.11427825
757,Ventral Attention Network,0.24815573,0.17377982,0.30521542,0.081861995
758,Ventral Attention Network,0.22205001,0.32468423,0.30611852,0.23603112
759,Ventral Attention Network,0.17108543,0.26135534,0.1615848,0.12847966
760,Ventral Attention Network,0.23746423,0.19105707,0.18650529,0.10585914
761,Ventral Attention Network,0.17337689,0.20513514,0.14098214,0.076623365
762,Ventral Attention Network,0.23169385,0.19081816,0.17085694,0.12528065
763,Ventral Attention Network,0.16115981,0.20690712,0.13679902,0.11917507
764,Ventral Attention Network,0.3779931,0.19066185,0.27625057,0.20990741
765,Ventral Attention Network,0.19927089,0.40466377,0.19153515,0.27122694
766,Ventral Attention Network,0.042657103,0.07434529,0.10512144,0.059306763
767,Ventral Attention Network,0.017002476,0.03294853,0.06526914,0.044421434
768,Ventral Attention Network,0.1913823,0.14690171,0.20211151,0.06682014
769,Ventral Attention Network,0.11112689,0.088191345,0.1261528,0.1156032
770,Ventral Attention Network,0.08725232,0.081587404,0.12091857,0.11656043
771,Ventral Attention Network,0.12526426,0.09556431,0.17826939,0.12737533
772,Ventral Attention Network,0.25452012,0.102883354,0.2200063,0.104294084
773,Ventral Attention Network,0.13105428,0.082924895,0.109723635,0.07542763
774,Ventral Attention Network,0.14867656,0.112151094,0.10596074,0.079792045
775,Ventral Attention Network,0.1299203,0.07170184,0.09187197,0.080501676
776,Ventral Attention Network,0.114099726,0.07367694,0.102164775,0.08442589
777,Ventral Attention Network,0.09390696,0.0961208,0.12765871,0.054004833
778,Ventral Attention Network,0.1169412,0.11070892,0.16535465,0.115927696
779,Ventral Attention Network,0.093107216,0.09159412,0.07840536,0.06812436
780,Ventral Attention Network,0.1457772,0.17022297,0.13652915,0.1074226
781,Ventral Attention Network,0.08437225,0.07897241,0.10836833,0.04369541
782,Ventral Attention Network,0.12045185,0.06908378,0.09254628,0.089169
783,Ventral Attention Network,0.09540372,0.059233576,0.07851658,0.050057434
784,Ventral Attention Network,0.15565671,0.08973144,0.13498774,0.11543616
785,Ventral Attention Network,0.14300348,0.05109248,0.08333235,0.106756195
786,Ventral Attention Network,0.20426121,0.18539643,0.20043385,0.11710139
787,Ventral Attention Network,0.14009914,0.17535932,0.12334798,0.13559335
788,Ventral Attention Network,0.16013107,0.17395782,0.16605008,0.09204711
789,Ventral Attention Network,0.08942544,0.25325936,0.114706635,0.077028826
790,Ventral Attention Network,0.16179794,0.14980762,0.1842812,0.13575639
791,Ventral Attention Network,0.18091746,0.19183645,0.17617211,0.21064019
792,Ventral Attention Network,0.08280754,0.10147292,0.14111999,0.12536441
793,Ventral Attention Network,0.07147773,0.07893022,0.085268036,0.12748036
794,Ventral Attention Network,0.06433936,0.06322313,0.115671836,0.11643093
795,Ventral Attention Network,0.1018347,0.10968194,0.11776524,0.12056563
796,Ventral Attention Network,0.12460795,0.12823889,0.13419531,0.07843636
797,Ventral Attention Network,0.1708642,0.13004066,0.14885212,0.087521136
798,Ventral Attention Network,0.12831393,0.16528544,0.08137678,0.055281397
799,Ventral Attention Network,0.1538471,0.19216116,0.10638215,0.1983318
800,Ventral Attention Network,0.2166085,0.1592972,0.1884548,0.02503527
801,Ventral Attention Network,0.16387568,0.1597309,0.21252312,0.35172534
802,Ventral Attention Network,0.12083251,0.123322435,0.12001874,0.08642574
803,Ventral Attention Network,0.1547796,0.18215102,0.042392313,0.03316219
804,Ventral Attention Network,0.29674977,0.24969421,0.34001136,0.33527637
805,Ventral Attention Network,0.120737225,0.10737981,0.050244216,0.16767965
806,Ventral Attention Network,0.26021892,0.2952125,0.25519508,0.1487214
807,Ventral Attention Network,0.36191523,0.2896916,0.20626271,0.31568423
808,Ventral Attention Network,0.22048058,0.21332182,0.23240732,0.097030126
809,Ventral Attention Network,0.32509327,0.054318484,0.08441153,0.22137605
810,Ventral Attention Network,0.22642037,0.20702581,0.14945623,0.074720025
811,Ventral Attention Network,0.32173017,0.183501,0.18964046,0.040897977
812,Limbic Network,0.026323581,0.03627807,0.06563741,0.034886654
813,Limbic Network,0.006107766,0.033077363,0.058441173,0.05051428
814,Limbic Network,0.0054955026,0.023852833,0.028771348,0.016833201
815,Limbic Network,0.010989399,0.022266872,-0.008379278,0.001473715
816,Limbic Network,-0.0031048565,-0.0006018072,0.026218865,0.041807704
817,Limbic Network,0.063962854,0.07602822,0.12330776,0.04294454
818,Limbic Network,0.031304315,0.009885653,0.05982904,0.033093177
819,Limbic Network,0.008667221,0.012678808,0.013169271,-0.005583241
820,Limbic Network,0.043861687,0.003512322,0.010652259,0.035031416
821,Limbic Network,0.0384877,0.019234288,0.06391889,0.028446611
822,Limbic Network,0.018344408,0.0029459961,0.026829531,0.0030029805
823,Limbic Network,0.015374194,0.009203545,0.01972448,0.027416948
824,Limbic Network,0.103431515,0.067674205,0.10916038,0.03848018
825,Limbic Network,0.12832355,0.059030503,0.12419018,0.08813312
826,Limbic Network,0.049105823,0.036430553,0.10885992,0.10936166
827,Limbic Network,0.17371255,0.03999866,0.25229383,0.12498882
828,Limbic Network,0.13119544,0.14539157,0.2618445,0.1165549
829,Limbic Network,0.086027555,0.06598947,0.08920607,0.026569985
830,Limbic Network,0.015290831,0.06752319,0.09861291,0.047046628
831,Limbic Network,0.026338305,0.024678197,0.012324168,0.09556019
832,Limbic Network,0.09535109,0.050969798,0.10105055,0.078419976
833,Limbic Network,0.015092061,0.04334179,0.028471747,0.033479333
834,Limbic Network,0.027912676,0.04168894,0.009669626,0.08264402
835,Limbic Network,0.17716987,0.087141,0.12028505,0.06390465
836,Limbic Network,0.01968482,0.07357517,0.13178316,-0.0029937513
837,Limbic Network,0.043482795,0.04199679,0.026396018,0.009652059
838,Limbic Network,0.107375994,0.09298535,0.15375975,0.1146766
839,Limbic Network,0.09509898,0.05042579,0.14935206,0.04819668
840,Limbic Network,0.16218527,0.123669,0.18389617,0.04363245
841,Limbic Network,0.05103303,0.046552215,0.10951602,0.05518145
842,Limbic Network,0.13730566,0.08634258,0.16918811,0.057905603
843,Control Network,0.169432,0.19853921,0.30084494,0.16967504
844,Control Network,0.19668888,0.2100012,0.20038325,0.16795753
845,Control Network,0.18434554,0.19381145,0.19140187,0.1592797
846,Control Network,0.21989253,0.22959226,0.17916206,0.19462648
847,Control Network,0.20259874,0.23052795,0.16666426,0.15880217
848,Control Network,0.16199607,0.18456024,0.15441214,0.123311885
849,Control Network,0.17427802,0.18017323,0.14264917,0.1256832
850,Control Network,0.21024065,0.22838615,0.13826582,0.17041975
851,Control Network,0.13053308,0.14377753,0.15592146,0.105808005
852,Control Network,0.17688215,0.20460995,0.14800197,0.15221502
853,Control Network,0.16282731,0.16605882,0.14001463,0.16438848
854,Control Network,0.1366711,0.16325453,0.14044665,0.08873883
855,Control Network,0.22001848,0.22110118,0.20715652,0.198612
856,Control Network,0.21127304,0.20647115,0.17203297,0.16218144
857,Control Network,0.16430818,0.15684211,0.14439188,0.16978146
858,Control Network,0.12700403,0.17421174,0.17905548,0.09309637
859,Control Network,0.14835942,0.16624059,0.1481276,0.10573905
860,Control Network,0.04272911,0.057081755,0.025642063,0.037277136
861,Control Network,0.029618563,0.07682395,0.11553919,0.12837669
862,Control Network,0.061824847,0.1869138,0.17582779,0.1551418
863,Control Network,0.10544849,0.23214051,0.1718659,0.27553934
864,Control Network,0.07581879,0.09066287,0.14543422,0.08544492
865,Control Network,0.06979022,0.07581674,0.08996944,0.04261615
866,Control Network,0.077111445,0.10500873,0.10191675,0.10006067
867,Control Network,0.12153367,0.066061765,0.10354012,0.07070309
868,Control Network,0.14096029,0.14211455,0.10557495,0.11015423
869,Control Network,0.16777018,0.17716508,0.13757801,0.12798701
870,Control Network,0.17486121,0.22659148,0.18749939,0.14231637
871,Control Network,0.12775616,0.1698279,0.15979362,0.13064636
872,Control Network,0.18102953,0.2079465,0.2510842,0.17834838
873,Control Network,0.11002435,0.13571751,0.13210721,0.1396175
874,Control Network,0.13236967,0.14209253,0.121403,0.10429292
875,Control Network,0.18265833,0.21273704,0.24373955,0.1943124
876,Control Network,0.12890911,0.1655237,0.1342045,0.12816152
877,Control Network,0.095475666,0.20360471,0.17923313,0.13675974
878,Control Network,0.15467851,0.25807384,0.120182976,0.110936575
879,Control Network,0.12208291,0.15740441,0.1458459,0.1093545
880,Control Network,0.15589575,0.16112144,0.12703636,0.102536224
881,Control Network,0.118145764,0.18171749,0.13648452,0.14981961
882,Control Network,0.22016785,0.19074301,0.2337383,0.14092521
883,Control Network,0.1638962,0.16084652,0.1504427,0.0986735
884,Control Network,0.13160044,0.14456418,0.1442995,0.14231028
885,Control Network,0.1322968,0.16425785,0.11340272,0.12506683
886,Control Network,0.18752818,0.23667875,0.16694742,0.30901134
887,Control Network,0.16162297,0.20455122,0.13399656,0.13381216
888,Control Network,0.2533977,0.20685948,0.28461212,0.21696024
889,Control Network,0.16136408,0.24961503,0.26806238,0.14558367
890,Control Network,0.20402628,0.1665972,0.15020627,0.1814024
891,Control Network,0.16305885,0.13609006,0.20675005,0.24851349
892,Control Network,0.22268447,0.20159143,0.17180675,0.1632034
893,Control Network,0.11690968,0.21458365,0.21942642,0.17921866
894,Control Network,0.2367488,0.24618174,0.23621057,0.38558593
895,Control Network,0.1899051,0.2362849,0.13644879,0.15819015
896,Control Network,0.16612323,0.15251064,0.18955703,0.14943428
897,Control Network,0.15807913,0.10727005,0.12384947,0.2169584
898,Control Network,0.15882352,0.19017962,0.16717625,0.13876964
899,Control Network,0.19530375,0.13031656,0.24909216,0.17568883
900,Control Network,0.25051036,0.3359316,0.34404346,0.32230356
901,Control Network,0.26441258,0.47967178,0.34004512,0.27857718
902,Control Network,0.21551032,0.3149439,0.2844409,0.2345326
903,Control Network,0.043008436,0.093380526,0.10910638,0.050991345
904,Control Network,0.040754225,0.026450492,0.09599433,0.033903453
905,Control Network,0.079731315,0.120293975,0.11710502,0.076890826
906,Control Network,0.036715448,0.037811708,0.09810794,0.048852254
907,Control Network,0.09572234,0.11511498,0.12441422,0.13858466
908,Control Network,0.12602964,0.13251618,0.16333945,0.1560843
909,Control Network,0.10058066,0.095022485,0.14406912,0.12201825
910,Control Network,0.11273284,0.13022326,0.14299834,0.069108225
911,Control Network,0.1831436,0.22924036,0.13090238,0.12248569
912,Control Network,0.14257087,0.21974541,0.12211896,0.098391555
913,Default Mode Network,0.35743243,0.29344112,0.3669149,0.17981286
914,Default Mode Network,0.39233536,0.2830007,0.29739058,0.26972064
915,Default Mode Network,0.35973448,0.46129698,0.32116467,0.30407363
916,Default Mode Network,0.34378043,0.2369389,0.3756681,0.16160898
917,Default Mode Network,0.28953522,0.20420429,0.32429665,0.19753715
918,Default Mode Network,0.35047138,0.30559623,0.1961518,0.15922722
919,Default Mode Network,0.23311129,0.16781823,0.25401357,0.19547527
920,Default Mode Network,0.16631037,0.21236965,0.21172795,0.14513227
921,Default Mode Network,0.16746876,0.2385264,0.28793678,0.18934578
922,Default Mode Network,0.16882443,0.17857252,0.28995523,0.151077
923,Default Mode Network,0.16842633,0.25169376,0.24456002,0.16209382
924,Default Mode Network,0.2513878,0.24360454,0.18589717,0.20178774
925,Default Mode Network,0.22113898,0.285336,0.2854765,0.1960491
926,Default Mode Network,0.23796163,0.25923747,0.20495407,0.19321463
927,Default Mode Network,0.24375531,0.29348987,0.20208023,0.19600232
928,Default Mode Network,0.2220683,0.25327426,0.18825515,0.150634
929,Default Mode Network,0.2917502,0.15506996,0.2218008,0.14493413
930,Default Mode Network,0.14751466,0.090559825,0.27767926,0.1430722
931,Default Mode Network,0.18432543,0.19586,0.24708468,0.0988556
932,Default Mode Network,0.1435434,0.24911702,0.31960294,0.24614835
933,Default Mode Network,0.33557978,0.1662874,0.14482056,0.198705
934,Default Mode Network,0.21662204,0.3214775,0.2054954,0.23079114
935,Default Mode Network,0.07206084,0.107305184,0.08624718,0.16819084
936,Default Mode Network,0.23618533,0.21082057,0.25835305,0.123154186
937,Default Mode Network,0.299082,0.38417763,0.33788866,0.26146564
938,Default Mode Network,0.0353596,0.15403856,0.12666546,0.07591877
939,Default Mode Network,0.18441215,0.22915639,0.19578765,0.20937733
940,Default Mode Network,0.24181665,0.2771335,0.19072469,0.2737335
941,Default Mode Network,0.2985291,0.25555718,0.2811428,0.27972892
942,Default Mode Network,0.24307114,0.27461535,0.2451896,0.31575957
943,Default Mode Network,0.23649018,0.3995479,0.30087632,0.32841277
944,Default Mode Network,0.42604855,0.38884956,0.46848273,0.45968392
945,Default Mode Network,0.40159768,0.38448042,0.40290698,0.41570196
946,Default Mode Network,0.25817642,0.38390422,0.2560249,0.28369132
947,Default Mode Network,0.09359847,0.05845705,0.0974126,0.09371276
948,Default Mode Network,0.13207547,0.111968204,0.14583427,0.051360525
949,Default Mode Network,0.16495775,0.13599956,0.0958495,0.14711416
950,Default Mode Network,0.12760597,0.16613144,0.1419666,0.12429847
951,Default Mode Network,0.21962734,0.15186062,0.108242005,0.08701234
952,Default Mode Network,0.2412453,0.21051383,0.112628065,0.08532278
953,Default Mode Network,0.20655961,0.108212374,0.094276294,0.08684729
954,Default Mode Network,0.24195203,0.29813147,0.16223711,0.12982917
955,Default Mode Network,0.24114877,0.27611065,0.27445808,0.21768215
956,Default Mode Network,0.17498067,0.34317306,0.20601541,0.12966126
957,Default Mode Network,0.064122714,0.06535092,0.08957087,0.10372671
958,Default Mode Network,0.06103447,0.04403648,0.083133064,0.09527024
959,Default Mode Network,0.13407753,0.19235794,0.19160174,0.078286596
960,Default Mode Network,0.08221197,0.06979671,0.114144,0.071212634
961,Default Mode Network,0.07748881,0.15338627,0.12711716,0.12986127
962,Default Mode Network,0.13562234,0.18300658,0.12761396,0.09961399
963,Default Mode Network,0.09491076,0.12337319,0.14370152,0.12222443
964,Default Mode Network,0.16615447,0.17655309,0.1318752,0.07605206
965,Default Mode Network,0.032134246,0.037847824,0.110576645,0.05821716
966,Default Mode Network,0.1710704,0.119800255,0.12996083,0.12813821
967,Default Mode Network,0.16265976,0.17226984,0.1636024,0.11742016
968,Default Mode Network,0.029131196,0.022320447,0.06910828,0.041797984
969,Default Mode Network,0.21435137,0.24843392,0.13525671,0.19748336
970,Default Mode Network,0.2898548,0.28214282,0.26297382,0.10291957
971,Default Mode Network,0.19468822,0.22904865,0.12099886,0.13105918
972,Default Mode Network,0.15064451,0.12574637,0.21589951,0.046565954
973,Default Mode Network,0.20686755,0.15276103,0.1327886,0.038995005
974,Default Mode Network,0.2581999,0.28363183,0.13700883,0.16929862
975,Default Mode Network,0.18315256,0.12485561,0.19376396,0.084743276
976,Default Mode Network,0.19106516,0.1863416,0.20067108,0.07733538
977,Default Mode Network,0.30034173,0.28044045,0.2230564,0.13440707
978,Default Mode Network,0.17241462,0.15267724,0.14344448,0.10399558
979,Default Mode Network,0.18871711,0.33394212,0.2634402,0.25193718
980,Default Mode Network,0.30210614,0.28503996,0.25004026,0.15006241
981,Default Mode Network,0.20232849,0.20010526,0.29912612,0.18855228
982,Default Mode Network,0.2805271,0.24560267,0.3092848,0.27901632
983,Default Mode Network,0.08792531,0.096060306,0.16283229,0.09275843
984,Default Mode Network,0.34536788,0.3085446,0.37063232,0.3499436
985,Default Mode Network,0.055217683,0.058090072,0.11856458,0.037397657
986,Default Mode Network,0.19487788,0.14339198,0.2055926,0.13819975
987,Default Mode Network,0.20687364,0.19732435,0.25619638,0.14434958
988,Default Mode Network,0.17271523,0.15763535,0.13662566,0.15972929
989,Default Mode Network,0.23711361,0.24344523,0.30239803,0.19368464
990,Default Mode Network,0.17674927,0.2224923,0.21196827,0.18355416
991,Default Mode Network,0.13287349,0.08292521,0.12580511,0.13277034
992,Default Mode Network,0.1369031,0.16680825,0.15309037,0.20378794
993,Default Mode Network,0.17741664,0.15165125,0.19361039,0.15380159
994,Default Mode Network,0.13539422,0.09812787,0.13536257,0.14435105
995,Default Mode Network,0.20368466,0.29916826,0.18703094,0.18549295
996,Default Mode Network,0.17340551,0.23033248,0.18681855,0.16818833
997,Default Mode Network,0.28866577,0.33002764,0.37885052,0.25621003
998,Default Mode Network,0.17254773,0.25598153,0.23670042,0.16765024
999,Control Network,0.15712027,0.13876437,0.16526334,0.26375303
1000,Control Network,0.16448869,0.1655979,0.24913451,0.24810149
